997.5062344,0.448595864,0.354574226
1000,0.448011048,0.354624975
1002.5,0.447426319,0.35467562
1005.00625,0.446841685,0.354726161
1007.518766,0.446257151,0.354776595
1010.037563,0.445672725,0.35482692
1012.562656,0.44508841,0.354877136
1015.094063,0.444504215,0.35492724
1017.631798,0.443920145,0.354977231
1020.175878,0.443336205,0.355027108
1022.726317,0.442752402,0.355076868
1025.283133,0.442168743,0.355126511
1027.846341,0.441585232,0.355176034
1030.415957,0.441001876,0.355225437
1032.991997,0.440418681,0.355274717
1035.574477,0.439835652,0.355323873
1038.163413,0.439252796,0.355372904
1040.758822,0.438670118,0.355421807
1043.360719,0.438087625,0.355470582
1045.96912,0.437505321,0.355519226
1048.584043,0.436923213,0.355567738
1051.205503,0.436341306,0.355616117
1053.833517,0.435759607,0.35566436
1056.468101,0.435178121,0.355712466
1059.109271,0.434596853,0.355760434
1061.757044,0.434015809,0.355808262
1064.411437,0.433434995,0.355855949
1067.072465,0.432854417,0.355903492
1069.740147,0.432274079,0.35595089
1072.414497,0.431693988,0.355998141
1075.095533,0.43111415,0.356045245
0.000482542,0.430534568,0.356092198
1080.47773,0.42995525,0.356139
1083.178925,0.429376201,0.356185649
1085.886872,0.428797425,0.356232144
1088.601589,0.428218928,0.356278482
1091.323093,0.427640717,0.356324662
1094.051401,0.427062795,0.356370682
1096.786529,0.426485169,0.356416542
1099.528496,0.425907843,0.356462238
1102.277317,0.425330823,0.35650777
1105.03301,0.424754114,0.356553135
1107.795593,0.424177722,0.356598333
1110.565082,0.423601651,0.356643361
1113.341494,0.423025908,0.356688218
1116.124848,0.422450496,0.356732902
1118.91516,0.421875421,0.356777412
1121.712448,0.421300688,0.356821745
1124.516729,0.420726302,0.356865901
1127.328021,0.420152268,0.356909877
1130.146341,0.419578592,0.356953673
1132.971707,0.419005278,0.356997285
1135.804136,0.418432331,0.357040713
1138.643647,0.417859756,0.357083954
1141.490256,0.417287558,0.357127008
1144.343981,0.416715742,0.357169873
1147.204841,0.416144313,0.357212546
1150.072853,0.415573276,0.357255027
1152.948035,0.415002634,0.357297313
1155.830406,0.414432394,0.357339402
1158.719982,0.41386256,0.357381294
1161.616782,0.413293137,0.357422987
1164.520824,0.412724129,0.357464478
1167.432126,0.412155541,0.357505766
1170.350706,0.411587377,0.35754685
1173.276583,0.411019643,0.357587728
1176.209774,0.410452343,0.357628398
1179.150299,0.409885481,0.357668858
1182.098174,0.409319062,0.357709106
1185.05342,0.408753091,0.357749142
1188.016053,0.408187572,0.357788963
1190.986093,0.40762251,0.357828568
1193.963559,0.407057908,0.357867955
1196.948468,0.406493772,0.357907122
1199.940839,0.405930105,0.357946068
1202.940691,0.405366912,0.357984791
1205.948043,0.404804198,0.358023289
1208.962913,0.404241967,0.358061561
1211.98532,0.403680223,0.358099604
1215.015283,0.40311897,0.358137418
1218.052821,0.402558213,0.358175
1221.097953,0.401997955,0.358212349
1224.150698,0.401438201,0.358249464
1227.211075,0.400878956,0.358286342
1230.279103,0.400320223,0.358322981
1233.354801,0.399762006,0.358359381
1236.438188,0.399204309,0.35839554
1239.529283,0.398647137,0.358431455
1242.628106,0.398090493,0.358467125
1245.734676,0.397534382,0.358502549
1248.849013,0.396978808,0.358537724
1251.971136,0.396423773,0.35857265
1255.101064,0.395869284,0.358607324
1258.238816,0.395315342,0.358641745
1261.384413,0.394761953,0.358675911
1264.537874,0.394209119,0.35870982
1267.699219,0.393656846,0.358743472
1270.868467,0.393105136,0.358776863
1274.045638,0.392553993,0.358809993
1277.230752,0.392003422,0.358842859
1280.423829,0.391453425,0.358875461
1283.624889,0.390904007,0.358907796
1286.833951,0.390355171,0.358939863
1290.051036,0.389806922,0.358971661
1293.276163,0.389259261,0.359003186
1296.509354,0.388712194,0.359034439
1299.750627,0.388165724,0.359065417
1303.000004,0.387619854,0.359096118
1306.257504,0.387074587,0.359126542
1309.523148,0.386529928,0.359156686
1312.796955,0.38598588,0.359186548
1316.078948,0.385442446,0.359216128
1319.369145,0.38489963,0.359245423
1322.667568,0.384357435,0.359274431
1325.974237,0.383815864,0.359303152
1329.289173,0.383274921,0.359331584
1332.612395,0.382734609,0.359359724
1335.943926,0.382194932,0.359387572
1339.283786,0.381655892,0.359415126
1342.631996,0.381117493,0.359442383
1345.988576,0.380579739,0.359469343
1349.353547,0.380042632,0.359496005
1352.726931,0.379506176,0.359522365
1356.108748,0.378970373,0.359548423
1359.49902,0.378435227,0.359574178
1362.897768,0.377900742,0.359599626
1366.305012,0.37736692,0.359624768
1369.720775,0.376833764,0.359649602
1373.145077,0.376301277,0.359674125
1376.577939,0.375769462,0.359698336
1380.019384,0.375238323,0.359722234
1383.469433,0.374707862,0.359745817
1386.928106,0.374178083,0.359769084
1390.395427,0.373648987,0.359792033
1393.871415,0.373120579,0.359814663
1397.356094,0.372592861,0.359836971
1400.849484,0.372065835,0.359858957
1404.351608,0.371539505,0.359880618
1407.862487,0.371013874,0.359901955
1411.382143,0.370488944,0.359922963
1414.910598,0.369964718,0.359943644
1418.447875,0.369441199,0.359963994
1421.993994,0.36891839,0.359984012
1425.548979,0.368396293,0.360003697
1429.112852,0.36787491,0.360023048
1432.685634,0.367354246,0.360042062
1436.267348,0.366834301,0.360060739
1439.858016,0.36631508,0.360079077
1443.457661,0.365796584,0.360097074
1447.066306,0.365278816,0.360114729
1450.683971,0.364761779,0.360132041
1454.310681,0.364245474,0.360149007
1457.946458,0.363729906,0.360165628
1461.591324,0.363215076,0.3601819
1465.245302,0.362700986,0.360197823
1468.908416,0.362187639,0.360213395
1472.580687,0.361675038,0.360228616
1476.262138,0.361163185,0.360243483
1479.952794,0.360652082,0.360257995
1483.652676,0.360141731,0.36027215
1487.361807,0.359632136,0.360285948
1491.080212,0.359123298,0.360299387
1494.807913,0.358615219,0.360312465
1498.544932,0.358107902,0.360325181
1502.291295,0.35760135,0.360337535
1506.047023,0.357095564,0.360349523
1509.81214,0.356590546,0.360361146
1513.586671,0.356086299,0.360372401
1517.370637,0.355582826,0.360383288
1521.164064,0.355080127,0.360393805
1524.966974,0.354578205,0.360403951
1528.779392,0.354077063,0.360413724
1532.60134,0.353576703,0.360423124
1536.432843,0.353077126,0.360432148
1540.273926,0.352578334,0.360440796
1544.12461,0.35208033,0.360449066
1547.984922,0.351583116,0.360456957
1551.854884,0.351086694,0.360464468
1555.734521,0.350591065,0.360471597
1559.623858,0.350096231,0.360478344
1563.522917,0.349602196,0.360484707
1567.431725,0.349108959,0.360490685
1571.350304,0.348616524,0.360496276
1575.27868,0.348124892,0.360501479
1579.216876,0.347634066,0.360506294
1583.164919,0.347144046,0.360510719
1587.122831,0.346654835,0.360514753
1591.090638,0.346166434,0.360518394
1595.068365,0.345678846,0.360521642
1599.056036,0.345192072,0.360524495
1603.053676,0.344706113,0.360526952
1607.06131,0.344220973,0.360529013
1611.078963,0.343736651,0.360530675
1615.10666,0.343253151,0.360531938
1619.144427,0.342770473,0.360532801
1623.192288,0.34228862,0.360533263
1627.250269,0.341807592,0.360533322
1631.318395,0.341327392,0.360532977
1635.396691,0.340848022,0.360532228
1639.485182,0.340369482,0.360531074
1643.583895,0.339891774,0.360529512
1647.692855,0.3394149,0.360527543
1651.812087,0.338938862,0.360525165
1655.941617,0.33846366,0.360522378
1660.081471,0.337989297,0.360519179
1664.231675,0.337515774,0.360515569
1668.392254,0.337043092,0.360511546
1672.563235,0.336571253,0.360507109
1676.744643,0.336100258,0.360502258
1680.936505,0.335630109,0.360496991
1685.138846,0.335160807,0.360491308
1689.351693,0.334692353,0.360485207
1693.575072,0.334224748,0.360478687
1697.80901,0.333757995,0.360471749
1702.053532,0.333292095,0.36046439
1706.308666,0.332827048,0.36045661
1710.574438,0.332362856,0.360448408
1714.850874,0.33189952,0.360439783
1719.138001,0.331437041,0.360430734
1723.435846,0.330975422,0.360421261
1727.744436,0.330514662,0.360411363
1732.063797,0.330054764,0.360401038
1736.393956,0.329595728,0.360390287
1740.734941,0.329137555,0.360379108
1745.086779,0.328680247,0.3603675
1749.449496,0.328223805,0.360355463
1753.823119,0.32776823,0.360342996
1758.207677,0.327313523,0.360330098
1762.603196,0.326859685,0.360316769
1767.009704,0.326406718,0.360303007
1771.427229,0.325954621,0.360288813
1775.855797,0.325503397,0.360274184
1780.295436,0.325053046,0.360259122
1784.746175,0.32460357,0.360243624
1789.20804,0.324154969,0.360227691
1793.68106,0.323707244,0.360211322
1798.165263,0.323260396,0.360194515
1802.660676,0.322814427,0.360177271
1807.167328,0.322369337,0.360159589
1811.685246,0.321925127,0.360141468
1816.214459,0.321481798,0.360122908
1820.754995,0.321039351,0.360103907
1825.306883,0.320597787,0.360084467
1829.87015,0.320157106,0.360064585
1834.444825,0.31971731,0.360044262
1839.030937,0.319278399,0.360023496
1843.628515,0.318840374,0.360002288
1848.237586,0.318403235,0.359980637
1852.85818,0.317966985,0.359958543
1857.490325,0.317531623,0.359936004
1862.134051,0.31709715,0.359913021
1866.789386,0.316663567,0.359889593
1871.45636,0.316230875,0.359865719
1876.135001,0.315799074,0.3598414
1880.825338,0.315368165,0.359816635
1885.527402,0.314938149,0.359791423
1890.24122,0.314509026,0.359765764
1894.966823,0.314080798,0.359739658
1899.70424,0.313653463,0.359713104
1904.453501,0.313227025,0.359686102
1909.214635,0.312801482,0.359658652
1913.987671,0.312376835,0.359630753
1918.77264,0.311953086,0.359602405
1923.569572,0.311530234,0.359573608
1928.378496,0.311108281,0.359544362
1933.199442,0.310687226,0.359514665
1938.032441,0.31026707,0.359484519
1942.877522,0.309847814,0.359453923
1947.734716,0.309429459,0.359422876
1952.604052,0.309012004,0.359391378
1957.485563,0.30859545,0.35935943
1962.379276,0.308179798,0.35932703
1967.285225,0.307765048,0.35929418
1972.203438,0.307351201,0.359260878
1977.133946,0.306938256,0.359227124
1982.076781,0.306526215,0.359192919
1987.031973,0.306115078,0.359158263
1991.999553,0.305704844,0.359123154
1996.979552,0.305295515,0.359087594
2001.972001,0.304887091,0.359051582
2006.976931,0.304479572,0.359015117
2011.994373,0.304072959,0.358978201
2017.024359,0.303667251,0.358940833
2022.06692,0.303262449,0.358903012
2027.122087,0.302858553,0.35886474
2032.189893,0.302455565,0.358826015
2037.270367,0.302053483,0.358786839
2042.363543,0.301652308,0.35874721
2047.469452,0.30125204,0.358707129
2052.588126,0.30085268,0.358666597
2057.719596,0.300454228,0.358625613
2062.863895,0.300056683,0.358584177
2068.021055,0.299660047,0.358542289
2073.191107,0.299264319,0.35849995
2078.374085,0.298869499,0.35845716
2083.57002,0.298475588,0.358413918
2088.778945,0.298082586,0.358370226
2094.000893,0.297690492,0.358326083
2099.235895,0.297299307,0.358281489
2104.483985,0.296909032,0.358236444
2109.745195,0.296519665,0.358190949
2115.019558,0.296131208,0.358145005
2120.307107,0.295743659,0.35809861
2125.607874,0.29535702,0.358051766
2130.921894,0.294971291,0.358004473
2136.249199,0.29458647,0.357956731
2141.589822,0.294202559,0.35790854
2146.943796,0.293819557,0.357859901
2152.311156,0.293437465,0.357810814
2157.691934,0.293056282,0.357761279
2163.086164,0.292676007,0.357711297
2168.493879,0.292296642,0.357660868
2173.915114,0.291918187,0.357609993
2179.349901,0.29154064,0.357558671
2184.798276,0.291164002,0.357506903
2190.260272,0.290788273,0.35745469
2195.735923,0.290413452,0.357402033
2201.225262,0.29003954,0.35734893
2206.728325,0.289666537,0.357295384
2212.245146,0.289294442,0.357241394
2217.775759,0.288923255,0.357186961
2223.320199,0.288552976,0.357132086
2228.878499,0.288183605,0.357076768
2234.450695,0.287815141,0.357021009
2240.036822,0.287447585,0.356964809
2245.636914,0.287080936,0.356908168
2251.251006,0.286715194,0.356851088
2256.879134,0.286350359,0.356793568
2262.521332,0.28598643,0.35673561
2268.177635,0.285623408,0.356677213
2273.848079,0.285261291,0.356618379
2279.532699,0.28490008,0.356559108
2285.231531,0.284539775,0.356499401
2290.94461,0.284180374,0.356439258
2296.671971,0.283821878,0.35637868
2302.413651,0.283464287,0.356317668
2308.169686,0.2831076,0.356256223
2313.94011,0.282751817,0.356194344
2319.72496,0.282396937,0.356132034
2325.524272,0.28204296,0.356069292
2331.338083,0.281689886,0.356006119
2337.166428,0.281337714,0.355942517
2343.009344,0.280986444,0.355878485
2348.866868,0.280636076,0.355814025
2354.739035,0.280286608,0.355749138
2360.625882,0.279938041,0.355683823
2366.527447,0.279590375,0.355618083
2372.443766,0.279243608,0.355551917
2378.374875,0.278897741,0.355485327
2384.320812,0.278552772,0.355418314
2390.281614,0.278208702,0.355350878
2396.257318,0.277865529,0.35528302
2402.247962,0.277523254,0.355214742
2408.253582,0.277181876,0.355146043
2414.274216,0.276841394,0.355076925
2420.309901,0.276501808,0.35500739
2426.360676,0.276163118,0.354937437
2432.426578,0.275825322,0.354867068
2438.507644,0.27548842,0.354796283
2444.603913,0.275152412,0.354725084
2450.715423,0.274817296,0.354653472
2456.842211,0.274483074,0.354581447
2462.984317,0.274149743,0.354509011
2469.141778,0.273817303,0.354436165
2475.314632,0.273485754,0.354362909
2481.502919,0.273155095,0.354289245
2487.706676,0.272825326,0.354215174
2493.925943,0.272496445,0.354140696
2500.160758,0.272168452,0.354065813
2506.41116,0.271841347,0.353990527
2512.677187,0.271515128,0.353914837
2518.95888,0.271189796,0.353838745
2525.256278,0.270865349,0.353762252
2531.569418,0.270541786,0.35368536
2537.898342,0.270219108,0.353608069
2544.243088,0.269897312,0.353530381
2550.603695,0.2695764,0.353452296
2556.980205,0.269256369,0.353373817
2563.372655,0.268937219,0.353294943
2569.781087,0.26861895,0.353215677
2576.20554,0.26830156,0.353136019
2582.646053,0.267985049,0.35305597
2589.102669,0.267669416,0.352975533
2595.575425,0.26735466,0.352894707
2602.064364,0.267040781,0.352813495
2608.569525,0.266727777,0.352731897
2615.090949,0.266415648,0.352649915
2621.628676,0.266104394,0.35256755
2628.182748,0.265794012,0.352484803
2634.753204,0.265484503,0.352401676
2641.340087,0.265175865,0.35231817
2647.943438,0.264868098,0.352234285
2654.563296,0.2645612,0.352150024
2661.199705,0.264255172,0.352065388
2667.852704,0.263950012,0.351980378
2674.522336,0.263645718,0.351894995
2681.208641,0.263342292,0.351809241
2687.911663,0.26303973,0.351723117
2694.631442,0.262738033,0.351636625
2701.368021,0.262437199,0.351549765
2708.121441,0.262137229,0.351462539
2714.891744,0.261838119,0.351374949
2721.678974,0.261539871,0.351286996
2728.483171,0.261242482,0.351198681
2735.304379,0.260945953,0.351110006
2742.14264,0.260650281,0.351020972
2748.997997,0.260355466,0.35093158
2755.870492,0.260061507,0.350841833
2762.760168,0.259768403,0.350751731
2769.667068,0.259476153,0.350661275
2776.591236,0.259184756,0.350570469
2783.532714,0.258894211,0.350479311
2790.491546,0.258604517,0.350387806
2797.467775,0.258315673,0.350295952
2804.461444,0.258027678,0.350203754
2811.472598,0.25774053,0.35011121
2818.501279,0.25745423,0.350018324
2825.547532,0.257168775,0.349925097
2832.611401,0.256884165,0.34983153
2839.69293,0.256600399,0.349737624
2846.792162,0.256317475,0.349643382
2853.909143,0.256035393,0.349548805
2861.043915,0.255754151,0.349453894
2868.196525,0.255473749,0.349358651
2875.367016,0.255194185,0.349263077
2882.555434,0.254915458,0.349167174
2889.761823,0.254637567,0.349070944
2896.986227,0.254360511,0.348974388
2904.228693,0.254084288,0.348877508
2911.489264,0.253808899,0.348780305
2918.767988,0.253534341,0.348682781
2926.064908,0.253260613,0.348584937
2933.38007,0.252987715,0.348486775
2940.71352,0.252715645,0.348388297
2948.065304,0.252444401,0.348289505
2955.435467,0.252173984,0.348190399
2962.824056,0.251904391,0.348090982
2970.231116,0.251635621,0.347991255
2977.656694,0.251367674,0.347891219
2985.100835,0.251100548,0.347790878
2992.563587,0.250834241,0.347690231
3000.044996,0.250568754,0.347589281
3007.545109,0.250304083,0.34748803
3015.063972,0.250040229,0.347386478
3022.601632,0.24977719,0.347284629
3030.158136,0.249514965,0.347182483
3037.733531,0.249253552,0.347080041
3045.327865,0.24899295,0.346977307
3052.941185,0.248733159,0.346874281
3060.573538,0.248474176,0.346770966
3068.224971,0.248216001,0.346667362
3075.895534,0.247958632,0.346563471
3083.585273,0.247702069,0.346459296
3091.294236,0.247446309,0.346354838
3099.022471,0.247191351,0.346250099
3106.770028,0.246937195,0.34614508
3114.536953,0.246683839,0.346039783
3122.323295,0.246431281,0.34593421
3130.129103,0.246179521,0.345828363
3137.954426,0.245928556,0.345722242
3145.799312,0.245678387,0.345615851
3153.66381,0.245429011,0.345509191
3161.54797,0.245180427,0.345402263
3169.45184,0.244932633,0.34529507
3177.375469,0.24468563,0.345187613
3185.318908,0.244439414,0.345079893
3193.282205,0.244193985,0.344971913
3201.265411,0.243949342,0.344863674
3209.268574,0.243705482,0.344755178
3217.291746,0.243462406,0.344646427
3225.334975,0.243220111,0.344537423
3233.398313,0.242978596,0.344428167
3241.481808,0.24273786,0.344318662
3249.585513,0.2424979,0.344208908
3257.709477,0.242258717,0.344098908
3265.85375,0.242020309,0.343988663
3274.018385,0.241782674,0.343878176
3282.203431,0.24154581,0.343767448
3290.408939,0.241309717,0.343656481
3298.634962,0.241074393,0.343545276
3306.881549,0.240839837,0.343433836
3315.148753,0.240606047,0.343322162
3323.436625,0.240373022,0.343210256
3331.745216,0.24014076,0.34309812
3340.074579,0.23990926,0.342985756
3348.424766,0.239678521,0.342873165
3356.795828,0.239448541,0.342760349
3365.187817,0.239219318,0.342647311
3373.600787,0.238990853,0.342534051
3382.034789,0.238763141,0.342420572
3390.489876,0.238536184,0.342306876
3398.966101,0.238309978,0.342192964
3407.463516,0.238084523,0.342078838
3415.982175,0.237859818,0.3419645
3424.52213,0.237635859,0.341849952
3433.083435,0.237412647,0.341735195
3441.666144,0.23719018,0.341620232
3450.270309,0.236968457,0.341505064
3458.895985,0.236747475,0.341389694
3467.543225,0.236527233,0.341274122
3476.212083,0.23630773,0.341158351
3484.902613,0.236088965,0.341042382
3493.61487,0.235870936,0.340926218
3502.348907,0.235653641,0.34080986
3511.104779,0.23543708,0.34069331
3519.882541,0.235221249,0.34057657
3528.682248,0.235006149,0.340459641
3537.503953,0.234791778,0.340342526
3546.347713,0.234578133,0.340225227
3555.213582,0.234365214,0.340107744
3564.101616,0.234153019,0.339990081
3573.01187,0.233941547,0.339872238
3581.9444,0.233730796,0.339754218
3590.899261,0.233520764,0.339636023
3599.876509,0.23331145,0.339517654
3608.8762,0.233102853,0.339399113
3617.898391,0.232894971,0.339280402
3626.943137,0.232687802,0.339161522
3636.010495,0.232481345,0.339042477
3645.100521,0.232275599,0.338923267
3654.213272,0.232070562,0.338803894
3663.348806,0.231866232,0.33868436
3672.507178,0.231662608,0.338564667
3681.688445,0.231459688,0.338444817
3690.892667,0.231257471,0.338324811
3700.119898,0.231055955,0.338204652
3709.370198,0.230855139,0.338084341
3718.643623,0.230655021,0.33796388
3727.940233,0.2304556,0.337843271
3737.260083,0.230256874,0.337722516
3746.603233,0.230058841,0.337601616
3755.969741,0.2298615,0.337480573
3765.359666,0.22966485,0.33735939
3774.773065,0.229468889,0.337238067
3784.209998,0.229273615,0.337116607
3793.670523,0.229079026,0.336995012
3803.154699,0.228885122,0.336873283
3812.662586,0.228691901,0.336751422
3822.194242,0.228499361,0.336629432
3831.749728,0.2283075,0.336507313
3841.329102,0.228116317,0.336385067
3850.932425,0.22792581,0.336262697
3860.559756,0.227735979,0.336140205
3870.211155,0.22754682,0.336017591
3879.886683,0.227358334,0.335894858
3889.5864,0.227170517,0.335772007
3899.310366,0.226983369,0.335649041
3909.058642,0.226796888,0.335525961
3918.831288,0.226611072,0.335402769
3928.628367,0.22642592,0.335279467
3938.449938,0.22624143,0.335156056
3948.296062,0.2260576,0.335032539
3958.166803,0.22587443,0.334908916
3968.06222,0.225691917,0.334785191
3977.982375,0.22551006,0.334661364
3987.927331,0.225328858,0.334537437
3997.897149,0.225148308,0.334413413
4007.891892,0.224968409,0.334289292
4017.911622,0.224789159,0.334165078
4027.956401,0.224610558,0.33404077
4038.026292,0.224432603,0.333916372
4048.121358,0.224255292,0.333791885
4058.241661,0.224078625,0.33366731
4068.387265,0.223902599,0.33354265
4078.558233,0.223727213,0.333417906
4088.754629,0.223552466,0.33329308
4098.976516,0.223378355,0.333168174
4109.223957,0.223204879,0.333043189
4119.497017,0.223032037,0.332918127
4129.795759,0.222859827,0.33279299
4140.120249,0.222688247,0.33266778
4150.470549,0.222517296,0.332542498
4160.846726,0.222346972,0.332417146
4171.248843,0.222177273,0.332291726
4181.676965,0.222008199,0.33216624
4192.131157,0.221839747,0.332040688
4202.611485,0.221671915,0.331915074
4213.118014,0.221504703,0.331789398
4223.650809,0.221338108,0.331663662
4234.209936,0.221172129,0.331537868
4244.795461,0.221006764,0.331412018
4255.407449,0.220842012,0.331286114
4266.045968,0.220677871,0.331160156
4276.711083,0.22051434,0.331034147
4287.40286,0.220351416,0.330908089
4298.121368,0.220189099,0.330781983
4308.866671,0.220027386,0.33065583
4319.638838,0.219866276,0.330529633
4330.437935,0.219705768,0.330403393
4341.26403,0.219545859,0.330277112
4352.11719,0.219386549,0.330150791
4362.997483,0.219227836,0.330024432
4373.904976,0.219069717,0.329898037
4384.839739,0.218912192,0.329771607
4395.801838,0.218755258,0.329645144
4406.791343,0.218598915,0.32951865
4417.808321,0.21844316,0.329392126
4428.852842,0.218287992,0.329265574
4439.924974,0.21813341,0.329138995
4451.024786,0.217979411,0.329012392
4462.152348,0.217825995,0.328885765
4473.307729,0.217673158,0.328759116
4484.490999,0.217520901,0.328632448
4495.702226,0.217369221,0.328505761
4506.941482,0.217218117,0.328379057
4518.208835,0.217067587,0.328252337
4529.504357,0.216917629,0.328125604
4540.828118,0.216768243,0.327998859
4552.180189,0.216619425,0.327872103
4563.560639,0.216471175,0.327745338
4574.969541,0.216323492,0.327618566
4586.406965,0.216176372,0.327491788
4597.872982,0.216029816,0.327365006
4609.367664,0.215883821,0.32723822
4620.891084,0.215738385,0.327111434
4632.443311,0.215593508,0.326984648
4644.02442,0.215449187,0.326857863
4655.634481,0.215305421,0.326731082
4667.273567,0.215162208,0.326604306
4678.941751,0.215019546,0.326477537
4690.639105,0.214877435,0.326350775
4702.365703,0.214735872,0.326224023
4714.121617,0.214594856,0.326097282
4725.906921,0.214454386,0.325970553
4737.721688,0.214314459,0.325843838
4749.565993,0.214175074,0.325717139
4761.439908,0.214036229,0.325590456
4773.343507,0.213897923,0.325463792
4785.276866,0.213760155,0.325337148
4797.240058,0.213622922,0.325210525
4809.233159,0.213486224,0.325083925
4821.256241,0.213350058,0.324957349
4833.309382,0.213214423,0.324830799
4845.392656,0.213079317,0.324704276
4857.506137,0.212944739,0.324577782
4869.649902,0.212810687,0.324451317
4881.824027,0.21267716,0.324324885
4894.028587,0.212544155,0.324198485
4906.263659,0.212411672,0.324072119
4918.529318,0.212279709,0.323945789
4930.825641,0.212148265,0.323819497
4943.152705,0.212017337,0.323693242
4955.510587,0.211886924,0.323567028
4967.899364,0.211757024,0.323440855
4980.319112,0.211627637,0.323314725
4992.76991,0.211498759,0.323188639
5005.251835,0.211370391,0.323062598
5017.764964,0.21124253,0.322936605
5030.309377,0.211115174,0.322810659
5042.88515,0.210988323,0.322684763
5055.492363,0.210861974,0.322558918
5068.131094,0.210736126,0.322433125
5080.801421,0.210610778,0.322307386
5093.503425,0.210485927,0.322181702
5106.237184,0.210361573,0.322056074
5119.002777,0.210237713,0.321930503
5131.800283,0.210114347,0.321804992
5144.629784,0.209991472,0.321679541
5157.491359,0.209869087,0.321554151
5170.385087,0.209747191,0.321428824
5183.31105,0.209625781,0.321303561
5196.269327,0.209504857,0.321178364
5209.260001,0.209384417,0.321053233
5222.283151,0.209264459,0.32092817
5235.338859,0.209144982,0.320803176
5248.427206,0.209025984,0.320678253
5261.548274,0.208907464,0.320553402
5274.702144,0.20878942,0.320428624
5287.8889,0.20867185,0.320303919
5301.108622,0.208554754,0.320179291
5314.361394,0.208438129,0.320054739
5327.647297,0.208321974,0.319930265
5340.966415,0.208206287,0.31980587
5354.318831,0.208091068,0.319681555
5367.704628,0.207976313,0.319557323
5381.12389,0.207862023,0.319433172
5394.5767,0.207748195,0.319309106
5408.063141,0.207634828,0.319185125
5421.583299,0.20752192,0.319061231
5435.137258,0.20740947,0.318937423
5448.725101,0.207297476,0.318813705
5462.346913,0.207185937,0.318690076
5476.002781,0.207074851,0.318566539
5489.692788,0.206964217,0.318443093
5503.41702,0.206854033,0.318319741
5517.175562,0.206744298,0.318196483
5530.968501,0.20663501,0.318073321
5544.795922,0.206526168,0.317950256
5558.657912,0.206417769,0.317827288
5572.554557,0.206309814,0.31770442
5586.485943,0.2062023,0.317581651
5600.452158,0.206095226,0.317458984
5614.453289,0.205988589,0.317336419
5628.489422,0.20588239,0.317213957
5642.560645,0.205776626,0.317091599
5656.667047,0.205671295,0.316969347
5670.808715,0.205566397,0.316847202
5684.985736,0.20546193,0.316725164
5699.198201,0.205357892,0.316603235
5713.446196,0.205254282,0.316481416
5727.729812,0.205151098,0.316359707
5742.049136,0.205048339,0.316238111
5756.404259,0.204946004,0.316116627
5770.79527,0.20484409,0.315995257
5785.222258,0.204742597,0.315874001
5799.685314,0.204641523,0.315752862
5814.184527,0.204540867,0.31563184
5828.719988,0.204440627,0.315510935
5843.291788,0.204340801,0.31539015
5857.900018,0.204241389,0.315269484
5872.544768,0.204142389,0.315148939
5887.22613,0.204043798,0.315028516
5901.944195,0.203945617,0.314908216
5916.699055,0.203847843,0.314788039
5931.490803,0.203750475,0.314667987
5946.31953,0.203653512,0.314548061
5961.185329,0.203556952,0.314428262
5976.088292,0.203460793,0.31430859
5991.028513,0.203365035,0.314189046
6006.006084,0.203269676,0.314069632
6021.021099,0.203174714,0.313950348
6036.073652,0.203080148,0.313831195
6051.163836,0.202985976,0.313712175
6066.291746,0.202892198,0.313593287
6081.457475,0.202798811,0.313474533
6096.661119,0.202705815,0.313355915
6111.902772,0.202613208,0.313237431
6127.182529,0.202520988,0.313119084
6142.500485,0.202429154,0.313000875
6157.856736,0.202337705,0.312882804
6173.251378,0.20224664,0.312764872
6188.684507,0.202155956,0.31264708
6204.156218,0.202065653,0.312529428
6219.666608,0.201975729,0.312411918
6235.215775,0.201886182,0.312294551
6250.803814,0.201797012,0.312177327
6266.430824,0.201708217,0.312060247
6282.096901,0.201619796,0.311943311
6297.802143,0.201531746,0.311826522
6313.546648,0.201444068,0.311709879
6329.330515,0.201356759,0.311593383
6345.153841,0.201269818,0.311477035
6361.016726,0.201183244,0.311360836
6376.919268,0.201097035,0.311244786
6392.861566,0.201011191,0.311128887
6408.84372,0.200925709,0.311013138
6424.865829,0.200840588,0.310897542
6440.927994,0.200755827,0.310782098
6457.030314,0.200671425,0.310666808
6473.17289,0.20058738,0.310551671
6489.355822,0.200503691,0.310436689
6505.579211,0.200420356,0.310321863
6521.843159,0.200337375,0.310207192
6538.147767,0.200254746,0.310092679
6554.493137,0.200172467,0.309978323
6570.879369,0.200090538,0.309864126
6587.306568,0.200008956,0.309750087
6603.774834,0.199927722,0.309636208
6620.284271,0.199846832,0.309522489
6636.834982,0.199766286,0.309408931
6653.42707,0.199686083,0.309295535
6670.060637,0.199606222,0.309182301
6686.735789,0.1995267,0.30906923
6703.452628,0.199447517,0.308956322
6720.21126,0.199368672,0.308843579
6737.011788,0.199290163,0.308731
6753.854317,0.199211989,0.308618587
6770.738953,0.199134148,0.30850634
6787.665801,0.199056639,0.30839426
6804.634965,0.198979462,0.308282346
6821.646553,0.198902614,0.308170601
6838.700669,0.198826094,0.308059024
6855.797421,0.198749902,0.307947616
6872.936914,0.198674036,0.307836378
6890.119256,0.198598494,0.30772531
6907.344555,0.198523276,0.307614412
6924.612916,0.198448379,0.307503686
6941.924448,0.198373804,0.307393132
6959.279259,0.198299548,0.30728275
6976.677458,0.19822561,0.307172541
6994.119151,0.198151989,0.307062506
7011.604449,0.198078685,0.306952644
7029.13346,0.198005694,0.306842957
7046.706294,0.197933018,0.306733445
7064.32306,0.197860653,0.306624109
7081.983867,0.197788599,0.306514948
7099.688827,0.197716855,0.306405965
7117.438049,0.197645419,0.306297158
7135.231644,0.19757429,0.306188529
7153.069723,0.197503467,0.306080078
7170.952398,0.197432949,0.305971805
7188.879779,0.197362735,0.305863711
7206.851978,0.197292822,0.305755797
7224.869108,0.197223211,0.305648063
7242.931281,0.1971539,0.305540509
7261.038609,0.197084887,0.305433135
7279.191205,0.197016172,0.305325943
7297.389183,0.196947753,0.305218933
7315.632656,0.19687963,0.305112104
7333.921738,0.1968118,0.305005459
7352.256542,0.196744263,0.304898996
7370.637184,0.196677017,0.304792716
7389.063777,0.196610062,0.30468662
7407.536436,0.196543396,0.304580709
7426.055277,0.196477018,0.304474982
7444.620415,0.196410927,0.304369439
7463.231966,0.196345122,0.304264082
7481.890046,0.196279601,0.304158911
7500.594771,0.196214363,0.304053926
7519.346258,0.196149408,0.303949127
7538.144624,0.196084734,0.303844515
7556.989986,0.196020339,0.303740091
7575.882461,0.195956224,0.303635853
7594.822167,0.195892386,0.303531804
7613.809222,0.195828824,0.303427943
7632.843745,0.195765538,0.30332427
7651.925855,0.195702526,0.303220786
7671.055669,0.195639787,0.303117491
7690.233308,0.19557732,0.303014386
7709.458892,0.195515124,0.30291147
7728.732539,0.195453198,0.302808745
7748.05437,0.19539154,0.30270621
7767.424506,0.195330149,0.302603865
7786.843067,0.195269025,0.302501712
7806.310175,0.195208166,0.30239975
7825.825951,0.195147572,0.302297979
7845.390515,0.19508724,0.302196401
7865.003992,0.195027171,0.302095014
7884.666502,0.194967362,0.30199382
7904.378168,0.194907813,0.301892818
7924.139113,0.194848523,0.301792009
7943.949461,0.19478949,0.301691393
7963.809335,0.194730714,0.301590971
7983.718858,0.194672193,0.301490742
8003.678155,0.194613927,0.301390707
8023.687351,0.194555914,0.301290866
8043.746569,0.194498153,0.301191219
8063.855935,0.194440644,0.301091767
8084.015575,0.194383385,0.30099251
8104.225614,0.194326374,0.300893447
8124.486178,0.194269612,0.30079458
8144.797394,0.194213097,0.300695908
8165.159387,0.194156827,0.300597431
8185.572286,0.194100803,0.30049915
8206.036216,0.194045022,0.300401065
8226.551307,0.193989484,0.300303176
8247.117685,0.193934188,0.300205483
8267.735479,0.193879133,0.300107987
8288.404818,0.193824317,0.300010687
8309.12583,0.19376974,0.299913584
8329.898645,0.193715401,0.299816678
8350.723391,0.193661299,0.299719968
8371.6002,0.193607432,0.299623456
8392.5292,0.1935538,0.299527142
8413.510523,0.193500401,0.299431024
8434.5443,0.193447235,0.299335105
8455.63066,0.193394301,0.299239383
8476.769737,0.193341597,0.299143859
8497.961661,0.193289123,0.299048532
8519.206565,0.193236878,0.298953404
8540.504582,0.19318486,0.298858474
8561.855843,0.193133069,0.298763742
8583.260483,0.193081504,0.298669209
8604.718634,0.193030164,0.298574874
8626.230431,0.192979047,0.298480738
8647.796007,0.192928153,0.2983868
8669.415497,0.192877481,0.298293061
8691.089036,0.19282703,0.298199521
8712.816758,0.192776799,0.298106179
8734.5988,0.192726787,0.298013037
8756.435297,0.192676992,0.297920094
8778.326385,0.192627415,0.297827349
8800.272201,0.192578054,0.297734804
8822.272882,0.192528909,0.297642458
8844.328564,0.192479977,0.297550311
8866.439385,0.192431259,0.297458364
8888.605484,0.192382753,0.297366615
8910.826998,0.192334459,0.297275066
8933.104065,0.192286375,0.297183717
8955.436825,0.1922385,0.297092567
8977.825417,0.192190835,0.297001616
9000.269981,0.192143377,0.296910865
9022.770656,0.192096126,0.296820313
9045.327582,0.192049081,0.29672996
9067.940901,0.192002241,0.296639808
9090.610754,0.191955606,0.296549854
9113.337281,0.191909173,0.2964601
9136.120624,0.191862943,0.296370546
9158.960925,0.191816914,0.296281191
9181.858328,0.191771086,0.296192035
9204.812973,0.191725458,0.296103079
9227.825006,0.191680028,0.296014322
9250.894568,0.191634797,0.295925765
9274.021805,0.191589762,0.295837407
9297.206859,0.191544924,0.295749248
9320.449876,0.191500281,0.295661289
9343.751001,0.191455832,0.295573529
9367.110379,0.191411577,0.295485968
9390.528155,0.191367515,0.295398606
9414.004475,0.191323644,0.295311443
9437.539486,0.191279965,0.29522448
9461.133335,0.191236475,0.295137715
9484.786168,0.191193176,0.29505115
9508.498134,0.191150064,0.294964783
9532.269379,0.19110714,0.294878615
9556.100052,0.191064403,0.294792646
9579.990303,0.191021852,0.294706876
9603.940278,0.190979486,0.294621304
9627.950129,0.190937305,0.294535931
9652.020004,0.190895307,0.294450756
9676.150054,0.190853491,0.29436578
9700.340429,0.190811858,0.294281001
9724.591281,0.190770405,0.294196421
9748.902759,0.190729133,0.29411204
9773.275016,0.19068804,0.294027856
9797.708203,0.190647126,0.293943869
9822.202474,0.19060639,0.293860081
9846.75798,0.19056583,0.293776491
9871.374875,0.190525447,0.293693097
9896.053312,0.190485239,0.293609902
9920.793445,0.190445206,0.293526903
9945.595429,0.190405347,0.293444102
9970.459417,0.190365661,0.293361498
9995.385566,0.190326147,0.293279091
10020.37403,0.190286805,0.293196881
10045.42497,0.190247633,0.293114867
10070.53853,0.190208631,0.29303305
10095.71487,0.190169799,0.292951429
10120.95416,0.190131135,0.292870005
10146.25655,0.190092638,0.292788776
10171.62219,0.190054309,0.292707744
10197.05124,0.190016146,0.292626908
10222.54387,0.189978148,0.292546267
10248.10023,0.189940315,0.292465821
10273.72048,0.189902645,0.292385571
10299.40478,0.189865139,0.292305516
10325.15329,0.189827796,0.292225657
10350.96618,0.189790614,0.292145992
10376.84359,0.189753593,0.292066521
10402.7857,0.189716732,0.291987246
10428.79267,0.189680031,0.291908164
10454.86465,0.189643488,0.291829277
10481.00181,0.189607104,0.291750584
10507.20431,0.189570877,0.291672084
10533.47233,0.189534806,0.291593779
10559.80601,0.189498891,0.291515666
10586.20552,0.189463132,0.291437747
10612.67103,0.189427527,0.291360021
10639.20271,0.189392076,0.291282488
10665.80072,0.189356778,0.291205147
10692.46522,0.189321632,0.291127999
10719.19638,0.189286638,0.291051043
10745.99438,0.189251796,0.290974279
10772.85936,0.189217103,0.290897707
10799.79151,0.18918256,0.290821327
10826.79099,0.189148166,0.290745138
10853.85797,0.18911392,0.29066914
10880.99261,0.189079822,0.290593334
10908.19509,0.18904587,0.290517718
10935.46558,0.189012065,0.290442293
10962.80424,0.188978406,0.290367058
10990.21125,0.188944891,0.290292013
11017.68678,0.188911521,0.290217158
11045.231,0.188878294,0.290142492
11072.84408,0.18884521,0.290068016
11100.52619,0.188812268,0.28999373
11128.2775,0.188779468,0.289919632
11156.0982,0.188746809,0.289845723
11183.98844,0.18871429,0.289772002
11211.94841,0.188681911,0.28969847
11239.97828,0.188649671,0.289625126
11268.07823,0.188617569,0.289551969
11296.24843,0.188585605,0.289479
11324.48905,0.188553778,0.289406219
11352.80027,0.188522088,0.289333624
11381.18227,0.188490533,0.289261216
11409.63523,0.188459114,0.289188995
11438.15931,0.188427829,0.28911696
11466.75471,0.188396678,0.28904511
11495.4216,0.188365661,0.288973447
11524.16015,0.188334776,0.288901969
11552.97055,0.188304024,0.288830676
11581.85298,0.188273403,0.288759569
11610.80761,0.188242913,0.288688646
11639.83463,0.188212553,0.288617907
11668.93422,0.188182323,0.288547353
11698.10655,0.188152222,0.288476982
11727.35182,0.18812225,0.288406795
11756.6702,0.188092406,0.288336791
11786.06187,0.188062689,0.288266971
11815.52703,0.188033098,0.288197333
11845.06585,0.188003634,0.288127878
11874.67851,0.187974296,0.288058605
11904.36521,0.187945082,0.287989514
11934.12612,0.187915993,0.287920605
11963.96144,0.187887028,0.287851877
11993.87134,0.187858186,0.28778333
12023.85602,0.187829467,0.287714964
12053.91566,0.18780087,0.287646778
12084.05045,0.187772394,0.287578773
12114.26057,0.18774404,0.287510947
12144.54622,0.187715806,0.287443301
12174.90759,0.187687692,0.287375835
12205.34486,0.187659697,0.287308548
12235.85822,0.187631821,0.287241439
12266.44787,0.187604063,0.287174509
12297.11399,0.187576423,0.287107757
12327.85677,0.1875489,0.287041183
12358.67641,0.187521494,0.286974787
12389.5731,0.187494204,0.286908567
12420.54704,0.187467029,0.286842525
12451.5984,0.18743997,0.28677666
12482.7274,0.187413024,0.28671097
12513.93422,0.187386193,0.286645457
12545.21905,0.187359475,0.28658012
12576.5821,0.18733287,0.286514958
12608.02356,0.187306378,0.286449971
12639.54362,0.187279997,0.286385159
12671.14248,0.187253728,0.286320521
12702.82033,0.187227569,0.286256058
12734.57738,0.187201521,0.286191768
12766.41383,0.187175582,0.286127652
12798.32986,0.187149753,0.286063709
12830.32569,0.187124033,0.28599994
12862.4015,0.18709842,0.285936342
12894.5575,0.187072916,0.285872917
12926.7939,0.187047519,0.285809664
12959.11088,0.187022228,0.285746583
12991.50866,0.186997044,0.285683673
13023.98743,0.186971966,0.285620934
13056.5474,0.186946992,0.285558365
13089.18877,0.186922124,0.285495967
13121.91174,0.18689736,0.285433739
13154.71652,0.1868727,0.285371681
13187.60331,0.186848143,0.285309792
13220.57232,0.186823689,0.285248072
13253.62375,0.186799338,0.285186521
13286.75781,0.186775088,0.285125138
13319.9747,0.18675094,0.285063924
13353.27464,0.186726893,0.285002877
13386.65783,0.186702946,0.284941997
13420.12447,0.186679099,0.284881284
13453.67478,0.186655352,0.284820739
13487.30897,0.186631704,0.284760359
13521.02724,0.186608155,0.284700146
13554.82981,0.186584704,0.284640098
13588.71688,0.18656135,0.284580216
13622.68868,0.186538094,0.284520499
13656.7454,0.186514935,0.284460946
13690.88726,0.186491872,0.284401558
13725.11448,0.186468905,0.284342334
13759.42727,0.186446033,0.284283274
13793.82583,0.186423257,0.284224377
13828.3104,0.186400575,0.284165643
13862.88117,0.186377988,0.284107072
13897.53838,0.186355494,0.284048663
13932.28222,0.186333093,0.283990416
13967.11293,0.186310785,0.283932331
14002.03071,0.18628857,0.283874407
14037.03579,0.186266447,0.283816644
14072.12838,0.186244415,0.283759042
14107.3087,0.186222475,0.2837016
14142.57697,0.186200625,0.283644318
14177.93341,0.186178866,0.283587196
14213.37825,0.186157196,0.283530233
14248.91169,0.186135616,0.283473429
14284.53397,0.186114125,0.283416783
14320.24531,0.186092723,0.283360296
14356.04592,0.186071409,0.283303966
14391.93603,0.186050183,0.283247795
14427.91587,0.186029044,0.28319178
14463.98566,0.186007992,0.283135922
14500.14563,0.185987027,0.283080221
14536.39599,0.185966148,0.283024676
14572.73698,0.185945355,0.282969287
14609.16882,0.185924648,0.282914053
14645.69175,0.185904025,0.282858974
14682.30598,0.185883487,0.28280405
14719.01174,0.185863034,0.282749281
14755.80927,0.185842664,0.282694665
14792.69879,0.185822377,0.282640204
14829.68054,0.185802174,0.282585895
14866.75474,0.185782054,0.28253174
14903.92163,0.185762015,0.282477738
14941.18143,0.185742059,0.282423888
14978.53439,0.185722185,0.282370189
15015.98072,0.185702391,0.282316643
15053.52067,0.185682678,0.282263247
15091.15448,0.185663046,0.282210003
15128.88236,0.185643494,0.282156909
15166.70457,0.185624022,0.282103966
15204.62133,0.185604629,0.282051172
15242.63288,0.185585314,0.281998528
15280.73946,0.185566079,0.281946033
15318.94131,0.185546922,0.281893687
15357.23867,0.185527842,0.28184149
15395.63176,0.18550884,0.281789441
15434.12084,0.185489916,0.281737539
15472.70614,0.185471068,0.281685785
15511.38791,0.185452296,0.281634178
15550.16638,0.185433601,0.281582718
15589.0418,0.185414982,0.281531404
15628.0144,0.185396437,0.281480236
15667.08444,0.185377968,0.281429214
15706.25215,0.185359574,0.281378337
15745.51778,0.185341254,0.281327605
15784.88157,0.185323008,0.281277018
15824.34378,0.185304836,0.281226575
15863.90464,0.185286737,0.281176276
15903.5644,0.185268711,0.281126121
15943.32331,0.185250758,0.281076109
15983.18162,0.185232877,0.28102624
16023.13957,0.185215068,0.280976513
16063.19742,0.185197331,0.280926929
16103.35541,0.185179665,0.280877486
16143.6138,0.18516207,0.280828185
16183.97284,0.185144546,0.280779025
16224.43277,0.185127093,0.280730006
16264.99385,0.185109709,0.280681127
16305.65633,0.185092395,0.280632389
16346.42048,0.185075151,0.28058379
16387.28653,0.185057975,0.280535331
16428.25474,0.185040869,0.280487011
16469.32538,0.185023831,0.280438829
16510.49869,0.185006861,0.280390786
16551.77494,0.184989959,0.280342881
16593.15438,0.184973124,0.280295113
16634.63726,0.184956357,0.280247483
16676.22386,0.184939656,0.28019999
16717.91442,0.184923022,0.280152633
16759.7092,0.184906455,0.280105413
16801.60848,0.184889953,0.280058329
16843.6125,0.184873518,0.28001138
16885.72153,0.184857147,0.279964567
16927.93583,0.184840842,0.279917888
16970.25567,0.184824602,0.279871344
17012.68131,0.184808426,0.279824934
17055.21301,0.184792314,0.279778659
17097.85105,0.184776266,0.279732516
17140.59567,0.184760282,0.279686507
17183.44716,0.184744361,0.279640631
17226.40578,0.184728504,0.279594887
17269.4718,0.184712709,0.279549275
17312.64547,0.184696976,0.279503796
17355.92709,0.184681306,0.279458447
17399.31691,0.184665698,0.27941323
17442.8152,0.184650151,0.279368144
17486.42224,0.184634666,0.279323188
17530.13829,0.184619241,0.279278362
17573.96364,0.184603878,0.279233666
17617.89855,0.184588575,0.279189099
17661.94329,0.184573332,0.279144662
17706.09815,0.18455815,0.279100353
17750.3634,0.184543027,0.279056172
17794.73931,0.184527963,0.27901212
17839.22615,0.184512959,0.278968195
17883.82422,0.184498014,0.278924398
17928.53378,0.184483127,0.278880728
17973.35511,0.184468298,0.278837185
18018.2885,0.184453528,0.278793768
18063.33422,0.184438816,0.278750477
18108.49256,0.184424161,0.278707312
18153.76379,0.184409563,0.278664272
18199.1482,0.184395023,0.278621357
18244.64607,0.184380539,0.278578567
18290.25769,0.184366112,0.278535901
18335.98333,0.184351741,0.27849336
18381.82329,0.184337427,0.278450942
18427.77785,0.184323168,0.278408647
18473.84729,0.184308964,0.278366476
18520.03191,0.184294816,0.278324427
18566.33199,0.184280723,0.278282501
18612.74782,0.184266685,0.278240696
18659.27969,0.184252701,0.278199014
18705.92789,0.184238772,0.278157453
18752.69271,0.184224896,0.278116012
18799.57444,0.184211075,0.278074693
18846.57337,0.184197307,0.278033494
18893.68981,0.184183592,0.277992415
18940.92403,0.184169931,0.277951456
18988.27634,0.184156322,0.277910616
19035.74703,0.184142766,0.277869896
19083.3364,0.184129262,0.277829294
19131.04474,0.184115811,0.27778881
19178.87235,0.184102411,0.277748445
19226.81954,0.184089063,0.277708198
19274.88658,0.184075767,0.277668068
19323.0738,0.184062522,0.277628055
19371.38148,0.184049327,0.277588159
19419.80994,0.184036184,0.277548379
19468.35946,0.184023091,0.277508716
19517.03036,0.184010049,0.277469168
19565.82294,0.183997056,0.277429737
19614.7375,0.183984113,0.27739042
19663.77434,0.183971221,0.277351218
19712.93377,0.183958377,0.277312131
19762.21611,0.183945583,0.277273158
19811.62165,0.183932837,0.277234299
19861.1507,0.183920141,0.277195554
19910.80358,0.183907493,0.277156922
19960.58059,0.183894893,0.277118403
20010.48204,0.183882342,0.277079996
20060.50825,0.183869838,0.277041702
20110.65952,0.183857382,0.27700352
20160.93617,0.183844974,0.27696545
20211.33851,0.183832613,0.276927491
20261.86685,0.183820299,0.276889644
20312.52152,0.183808031,0.276851907
20363.30282,0.183795811,0.276814281
20414.21108,0.183783637,0.276776764
20465.24661,0.183771509,0.276739358
20516.40972,0.183759427,0.276702061
20567.70075,0.183747391,0.276664874
20619.12,0.183735401,0.276627795
20670.6678,0.183723456,0.276590825
20722.34447,0.183711556,0.276553964
20774.15033,0.183699701,0.27651721